name,english_name,long,latt
אבו גוש,abu ghosh,35.11016,31.80575
אבו עבדון,abu  abdun,35.11016,31.80575
אבו ג'ווייעד,abu juwei'id,34.7749,32.05493
אבו תלול,abu tulul,34.73974,31.38059
אבו רוקייק,abu ruqayyeq,35.11016,31.80575
אבו עמאר,abu  ammar,35.14814,32.53362
אבו קרינאת ישוב,abu qureinat,34.95858,31.13369
אבו רובייעה,abu rubei'a,35.23931,31.74771
אבו קורינאת,abu qureinat,34.95858,31.13369
אבטליון,avtalyon,35.34751,32.83701
אביטל,avital,35.30734,32.55795
אבו עמרה,abu  amre,35.14814,32.53362
אביגדור,avigedor,34.73795,31.71253
אבטין,ibtin,35.11561,32.76231
אבו סנאן,abu sinan,35.16903,32.96059
אבו סריחאן,abu sureihan,35.11016,31.80575
אביאל,avi'el,34.99406,32.53198
אחיטוב,ahituv,34.99354,32.38988
אור הגנוז,or haganuz,35.44577,33.00455
אדירים,addirim,35.26959,32.54851
אור עקיבא,or aqiva,34.91493,32.50472
אורנית,oranit,34.99551,32.12227
אבן ספיר,even sappir,35.13901,31.76035
אחוזם,ahuzzam,34.76386,31.55521
אורות,orot,34.80201,32.05458
אחיסמך,ahisamakh,34.91328,31.94011
אומן,omen,35.24257,32.56394
אושה,usha,35.11126,32.79652
אופקים,ofaqim,34.63123,31.307760000000000
אוהד,ohad,34.43024,31.23689
אומץ,omez,34.99498,32.37011
אורנים,oranim,34.63622,31.80528
אבשלום,avshalom,34.33561,31.19688
אום אל פחם,umm al fahm,35.14797,32.52028
אום אל קוטוף,umm al qutuf,35.05497,32.47214
אזור,azor,34.80791,32.02249
אדורה,adora,35.01776,31.552600000000000
אדרת,adderet,34.99504,31.65972
אודים,udim,34.84644,32.26545
אור יהודה,or yehuda,34.86568,32.03111
אבנת,avenat,35.43575,31.6789
אביעזר,avi'ezer,35.18496,31.73101
אדמית,adamit,35.21141,33.07946
אבני איתן,avne etan,35.7663,32.82428
אבן יהודה,even yehuda,34.88387,32.26864
אבירים,abbirim,35.28683,33.03919
אום בטין,,34.88228,31.27432
אבן שמואל,even shemu'el,34.76408,31.57494
אבן מנחם,even menahem,35.29468,33.07329
אביבים,avivim,34.79539,32.1208
אודם,odem,35.75006,33.19313
אורים,urim,34.52418,31.30463
אבני חפץ,avne hefez,35.07434,32.28681
אביחיל,avihayil,34.86913,32.34557
איתמר,itamar,35.30265,32.17745
אחיהוד,ahihud,35.17432,32.911
אור הנר,or haner,34.59983,31.5576
אטרש,atrash,34.94938,31.25999
אחווה,ahawa,34.89989,32.16163
אחיעזר,ahi'ezer,34.87194,31.98115
אלומות,alummot,35.54605,32.7068
אייל,eyal,34.97856,32.2109
אל עריאן,al aryan,35.12291,32.49802
איבים,ibbim,34.61102,31.53252
איתנים,etanim,35.09644,31.77732
אחוזת ברק,,35.33789,32.643300000000000
אלומה,alumma,34.74298,31.65132
אורה,ora,35.156,31.75581
אורטל,ortal,35.76108,33.08437
אילת,elat,34.95305,29.55002
אילון,elon,35.21813,33.06337
אירוס,irus,34.77663,31.92878
אל סייד,,34.91182,31.28601
איילת השחר,ayyelet hashahar,35.57808,33.02445
אלוני יצחק,allone yizhaq,35.00245,32.51187
אלון שבות,allon shevut,35.12667,31.653480000000000
אילות,elot,34.96398,29.58155
אל עזי,,34.80961,31.71869
אילניה,ilaniyya,35.40563,32.75992
אלון הגליל,allon hagalil,35.21957,32.75953
באר אורה,be'er ora,34.98582,29.70954
אלישמע,elishama,34.928960000000000,32.15192
אל רום,el rom,35.76803,33.18049
אלמגור,almagor,35.60229,32.91098
אלמוג,almog,35.4613,31.78778
אלוני הבשן,allone habashan,35.83846,33.04142
איתן,etan,34.75113,31.57309
אלונים,allonim,34.55574,31.65661
אליכין,elyakhin,34.91807,32.40872
אלישיב,elyashiv,34.9095,32.37944
אליפז,elifaz,35.01246,29.7959
אלי עד,eli al,35.73093,32.80446
אליאב,eliav,34.92792,31.52966
אליקים,elyaqim,35.06429,32.63345
אלוני אבא,allone abba,34.86434,32.32125
אכסאל,iksal,35.32495,32.68188
אלון מורה,elon more,35.33256,32.22469
אלעד,,34.95702,32.05038
אליפלט,elifelet,35.55063,32.94996
בטחה,bitha,34.63284,31.33305
אמציה,amazya,34.91347,31.53376
אפיק,afiq,35.70206,32.77773
אריאל,ari'el,35.19219,32.10534
ארבל,arbel,35.48471,32.8126
אשחר,eshhar,35.30303,32.8811
ארז,erez,34.56778,31.55969
באר מילכה,,34.40659,30.93208
אניעם,ani'am,35.74049,32.95765
אלעזר,el'azar,35.14147,31.66193
אמנון,amnun,35.57344,32.90404
אשלים,ashalim,34.70069,30.96374
בארות יצחק,be'erot yizhaq,34.91138,32.04003
אלפי מנשה,alfe menashe,35.01482,32.17122
אשכולות,eshkolot,35.28947,32.9124
אעצם,a'sam,35.567,32.72451
בית הלוי,bet halevi,34.9317,32.35366
בית גוברין,bet guvrin,34.89341,31.60782
ארסוף,arsuf,34.8157,32.21363
אמונים,emunim,34.67095,31.74031
אספר,asefar,35.18828,31.58593
ביר הדאג,,34.70412,31.02058
בורגתה,burgeta,34.96123,32.32518
באר טוביה,be'er tuveya,34.72555,31.73436
אפיקים,afiqim,35.57808,32.67995
אמירים,amirim,35.45043,32.93973
אפרת,efrat,35.14936,31.65233
בית ג’ן,beit jann,35.3775,32.96512
באר יעקב,be'er ya'aqov,34.82882,31.93291
בוסתן הגליל,bustan hagalil,35.0863,32.94728
ארגמן,argaman,35.0794,32.91871
אלקוש,elqosh,35.32724,33.03509
בוקעאתא,buq'ata,35.77952,33.20603
בית גמליאל,bet gamli'el,34.76132,31.85695
אשדוד,ashdod,34.65732,31.80793
אשדות יעקב מאוחד,ashdot ya'aqov(me'uh,35.58204,32.66523
אפיניש,afeinish,34.64788,31.79672
אשקלון,ashqelon,34.5697,31.66667
אשבול,eshbol,34.66889,31.44354
אלקנה,elqana,35.03995,32.11382
באקה אל גרבייה,,35.04106,32.4195
אעבלין,i'billin,35.19137,32.82403
אסד,asad,35.26595,32.93719
אשבל,nahal eshbal,35.3053,32.87718
בית הגדי,bet hagaddi,34.61227,31.41788
בועיינה נוג'ידאת,bu'eine nujeidat,35.36636,32.80556
בית דגן,bet dagan,34.82899,32.00282
בית ברל,bet berl,34.92616,32.2015
אפק,afeq,35.12817,32.84038
אשל הנשיא,eshel hanasi,34.69933,31.32555
אשדות יעקב איחוד,ashdot ya'aqov(ihud),35.58294,32.65829
ביריה,biriyya,35.49992,32.97912
בית אל,bet el,34.79454,31.25646
אתגר,etgar,34.96747,32.77241
בארותיים,be'erotayim,34.98462,32.32078
ביר אל מכסור,bir el maksur,35.21408,32.77348
באר גנים,beer gannim,34.61207,31.7
בחן,bahan,35.01873,32.35004
אשתאול,eshta'ol,34.55858,31.66724
באר שבע,be'er sheva,34.79079,31.23616
בארי,be'eri,34.49177,31.42495
בית אורן,bet oren,35.00506,32.73122
בית הלל,bet hillel,34.82322,32.08387
ביצרון,bizzaron,34.7983,32.06711
בית אלפא,bet alfa,35.43348,32.51035
בית אריה,bet arye,35.05123,32.0336
בית העמק,bet haemeq,35.14493,32.97005
בית אלעזרי,bet el'azari,34.80326,31.84453
בית חשמונאי,bet hashmonay,34.9208,31.88742
בית חנניה,bet hananya,34.92804,32.53412
בית הערבה,bet haarava,35.22252,31.75084
בית נחמיה,bet nehemya,34.95587,31.97726
בית יהושע,bet yehoshua,34.86044,32.26259
בית יצחק שער חפר,bet yizhaq sh. hefer,34.89375,32.34269
בית חירות,bet herut,34.8676,32.37833
בית מאיר,bet me'ir,35.0368,31.79417
ברקת,bareqet,34.94576,32.01588
ביתר עילית,betar illit,35.12643,31.70044
בת חן,bat hen,34.57688,31.65231
בן שמן כפר נוער,ben shemen(k.no'ar),34.92837,31.95927
בית רימון,bet rimmon,35.32994,32.7825
בית שאן,bet she'an,35.50095,32.50132
בית שמש,bet shemesh,34.98631,31.73692
בן עמי,ben ammi,35.12319,33.00548
בית קשת,bet qeshet,35.39064,32.71921
בית רבן,bet rabban,34.73229,31.81887
ביתן אהרן,bitan aharon,34.87297,32.36604
בת שלמה,bat shelomo,35.00405,32.59752
בן שמן מושב,ben shemen (moshav),34.92251,31.95336
בלפוריה,balfuriyya,35.2974,32.63024
בן זכאי,ben zakkay,34.7285,31.85625
בית קמה,bet qama,34.76104,31.44601
בית צבי,bet zevi,34.97037,32.72007
בית עוזיאל,bet uzzi'el,35.18494,31.77045
בית עריף,bet arif,34.93474,31.9961
בית חנן,bet hanan,34.77416,31.93396
בית ינאי,bet yannay,34.86366,32.38126
בית עובד,bet oved,34.77202,31.92464
בית לחם הגלילית,bet lehem hagelilit,35.19443,32.73683
בית עזרא,bet ezra,34.65513,31.73668
בית חורון,bet horon,35.12796,31.87692
בית נקופה,bet neqofa,35.12607,31.80414
בית זיד,bet zeid,35.11495,32.7028
בית יוסף,bet yosef,35.5509,32.55892
בית השיטה,bet hashitta,35.43408,32.54462
בית חלקיה,bet hilqiyya,34.80887,31.79105
בית זית,bet zayit,35.1637,31.78382
בית זרע,bet zera,35.57244,32.69278
בית ניר,bet nir,34.87504,31.64871
בית שקמה,bet shiqma,34.60854,31.63813
בני דרום,bene darom,34.69285,31.82138
"בני עי""ש",bene ayish,34.75703,31.78984
בני דרור,bene deror,34.90052,32.26157
בני ראם,bene re'em,34.7923,31.77386
ג'דיידה מכר,judeide maker,35.13953,32.92706
בת חצור,bat hazor,34.75747,32.01137
בת ים,bat yam,34.74874,32.01388
בת עין,bat ayin,35.09932,31.65885
בני דקלים,bne dkalim,34.91799,31.51578
בני נצרים,bene nezarim,34.31874,31.1411
בנימינה,binyamina,34.94185,32.51832
בת חפר,bat hefer,35.0122,32.33553
בצרה,bazra,34.87909,32.21353
בסמת טבעון,basmat tab'un,35.15405,32.73691
בני ציון,bene ziyyon,34.84369,32.17428
ברקן,barqan,35.12016,32.10729
בית שערים,bet she'arim,35.22083,31.78791
בני עטרות,bene atarot,34.91273,32.02403
ברכה,berakha,35.26472,32.1948
בני ברק,bene beraq,34.83547,32.09069
בניה,benaya,34.75244,31.84401
בני יהודה,bene yehuda,35.2157,31.78123
ברור חיל,beror hayil,34.64504,31.557760000000000
בענה,bi ne,35.27487,32.92905
"בסמ""ה",basma,35.15627,32.73817
ברק,baraq,35.26437,32.54309
ברקאי,barqay,35.03325,32.47407
בקעות,beqa'ot,35.45423,32.24296
ברוש,berosh,34.63159,31.37048
בקוע,beqoa,34.92841,31.82808
ברעם,bar'am,34.80244,32.01516
בר יוחאי,bar yohay,35.19862,31.75425
ברוכין,brukhin,35.09126,32.08203
בר גיורא,bar giyyora,34.77523,32.07603
בת הדר,bat hadar,34.59474,31.64515
ברכיה,berekhya,34.61696,31.66659
ג'ולס,julis,35.16379,32.94165
גאולי תימן,ge'ule teman,34.90174,32.39252
ג'ת,jaat,35.03816,32.39918
גאולים,ge'ulim,34.94382,32.29525
גבע בנימין,geva binyamin,35.27248,31.85056
גבים,gevim,34.59776,31.50894
גבע כרמל,geva  karmel,34.96022,32.66282
ג'לג'וליה,jaljulye,34.94796,32.15313
ג'נאביב,junnabib,34.78953,32.08556
ג'ש גוש חלב,jish(gush halav),35.44701,33.02289
גבעת עוז,giv'at oz,35.20046,32.55599
גן השומרון,gan hashomeron,35.00835,32.46787
גבת,gevat,35.21308,32.67402
גבעתיים,giv'atayim,34.80985,32.07023
גזר,gezer,34.92024,31.87381
גן נר,gan ner,35.32872,32.53097
גן יאשיה,gan yoshiyya,34.99524,32.34921
גיזו,gizo,34.93839,31.80459
"גבעת כ""ח",giv'at koah,34.93625,32.03109
גבעת שפירא,giv'at shappira,34.87533,32.3576
גבעת יואב,giv'at yo'av,35.68416,32.79869
גדעונה,gid'ona,35.35983,32.54864
גבעת ישעיהו,giv'at yesha'yahu,34.94811,31.67059
גדות,gadot,35.62273,33.01374
גילון,gilon,35.23602,32.90426
"גבעת ח""ן",giv'at hen,34.87593,32.17324
גבעת זאב,giv'at ze'ev,35.16577,31.86344
גבעת חיים מאוחד,giv'at hayyim(me'uha,34.93146,32.39115
גדרה,gedera,34.78579,31.80252
"גבעת ניל""י",giv'at nili,35.03872,32.54955
גבעת אלה,giv'at ela,35.24523,32.72224
גבעת שמש,giv'at shemesh,34.95157,31.7751
גבעת יערים,giv'at ye'arim,35.1007,31.78571
גבעת השלושה,giv'at hashelosha,34.92212,32.09957
גבעות בר,,34.75599,31.35767
גבעת אבני,giv'at avni,35.43548,32.77518
גבעת ברנר,giv'at brenner,34.79458,31.86053
גבעת חיים איחוד,giv'at hayyim (ihud),34.93342,32.39609
גבעולים,giv'olim,34.58911,31.39414
גבעון החדשה,giv'on hahadasha,35.15737,31.84875
גבע,geva,34.81407,32.07398
גאליה,ge'alya,34.76606,31.88528
ג'סר א זרקא,jisr az zarqa,34.90572,32.53546
גבולות,gevulot,34.4647,31.2106
גורן,goren,35.22981,33.05967
גורנות הגליל,gornot hagalil,35.24926,33.05964
גבעתי,giv'ati,34.67967,31.73218
גברעם,gevar'am,34.61179,31.59244
גדיש,gadish,35.24386,32.55836
גונן,gonen,35.64763,33.12629
גן שלמה,gan shelomo,34.7976,31.881520000000000
גבעת שמואל,giv'at shemu'el,34.85173,32.07621
גינוסר,ginnosar,35.52279,32.844030000000000
גן שמואל,gan shemu'el,34.95495,32.44849
גינתון,ginnaton,34.91041,31.95886
גן יבנה,gan yavne,34.69339,31.78641
גלאון,gal'on,34.84786,31.63315
גליל ים,gelil yam,34.83318,32.15718
גילת,gilat,34.65376,31.33749
גן חיים,gan hayyim,34.81216,31.88816
גיתה,gitta,35.24952,32.96731
גזית,gazit,35.31263,32.61953
גמזו,gimzo,34.9429,31.92678
גיבתון,gibbeton,34.80015,31.88793
גפן,gefen,34.81222,32.08913
גיתית,gittit,35.39523,32.1007
דורות,dorot,34.64619,31.50736
דחי,dahi,35.34339,32.62268
גני יוחנן,ganne yohanan,34.83784,31.8582
גת קיבוץ,gat(qibbuz),34.77751,31.60331
גני טל,,34.57053,31.41506
גשור,geshur,35.71605,32.81827
דריג'את,,35.07553,31.29902
"דוב""ב",dovev,35.40761,33.05212
גרופית,gerofit,35.0689,29.9411
גני עם,ganne am,34.90243,32.152
געש,ga'ash,34.82653,32.23008
גני הדר,ganne hadar,34.85246,31.87859
גנות,gannot,34.82841,32.01784
געתון,ga'ton,35.21388,33.00652
גני מודיעין,ganne modiin,35.00567,31.90055
גני תקווה,ganne tiqwa,34.87427,32.06102
גלגל,gilgal,34.98341,32.7958
גיאה,ge'a,34.59941,31.63201
גנות הדר,gannot hadar,34.90206,32.32119
גן הדרום,gan hadarom,34.69822,31.8039
גיניגר,ginnegar,35.25823,32.66419
גן שורק,gan soreq,34.76062,31.94555
דגניה א',deganya alef,35.57435,32.70723
דימונה,dimona,35.01194,31.0694
דבורה,devora,35.26423,32.55311
דגניה ב',deganya bet,35.57688,32.70179
גלעד אבן יצחק,even yizhaq(gal'ed),35.07676,32.55651
גשר הזיו,gesher haziw,35.1092,33.03987
דייר חנא,deir hanna,35.36858,32.86667
דבוריה,dabburye,35.37122,32.689
גשר,gesher,35.1092,33.03987
הגושרים,hagosherim,35.62665,33.22135
דאלית אל כרמל,daliyat al karmel,35.04834,32.692660000000000
דן,dan,35.22131,31.77284
האון,haon,35.6201,32.72468
דברת,daverat,35.34944,32.64627
הדר עם,hadar am,34.90141,32.35007
דפנה,dafna,35.63909,33.22961
גת רימון,gat rimmon,34.88555,32.06956
הרדוף,harduf,35.17544,32.76283
הושעיה,hosha'aya,35.29056,32.7592
הוד השרון,hod hasharon,34.88935,32.14551
דבירה,devira,34.82601,31.41251
דלתון,dalton,35.47659,33.02617
המעפיל,hama'pil,34.98363,32.37777
דייר אל אסד,deir alasad,35.2678,32.93207
דליה,daliyya,35.07445,32.58891
דקל,deqel,34.34766,31.19466
דור,dor,34.92575,32.60657
דייר ראפאת,deir rafat,34.94766,31.77629
דולב,dolev,35.13335,31.92587
דישון,dishon,35.51757,33.08232
הזורעים,hazore'im,35.50338,32.74475
הבונים,habonim,35.13081,32.70639
הוזייל,huzayyel,34.75092,31.40777
החותרים,hahoterim,34.95703,32.7515
דמיידה,demeide,35.22244,32.81799
חצרים,hazerim,34.71421,31.24094
חצרות יסף,hazrot yasaf,34.9223,31.84725
חירות,herut,34.91639,32.2401
חפצי בה,hefzi bah,35.42624,32.52011
חפץ חיים,hafez hayyim,34.79759,31.78791
זכריה,zekharya,34.94515,31.70954
זרזיר,zarzir,35.2245,32.7265
חמדת,nahal hemdat,34.946,29.56521
חורשים,horeshim,34.96797,32.13932
זנוח,zanoah,35.00067,31.73202
חיבת ציון,hibbat ziyyon,34.81102,31.25289
חצב,hazav,34.76915,31.78212
זמר,zemer,35.02931,32.36036
חורפיש,hurfeish,35.34208,33.01468
זמרת,zimrat,34.549,31.44771
חבר,hever,35.26536,32.54722
חיננית,hinnanit,35.16639,32.48098
זרועה,zeru'a,34.62631,31.45621
זיקים,ziqim,34.52178,31.6083
זכרון יעקב,zikhron ya'aqov,34.95217,32.56877
זבדיאל,zavdi'el,34.76024,31.65811
הר גילה,har gillo,35.16728,31.7244
ורדון,wardon,34.7818,31.66415
הר עמשא,har amasa,35.10066,31.34246
זיתן,zetan,34.89522,31.9721
הררית,hararit,35.36531,32.84559
זוהר,zohar,34.6927,31.59521
ורד יריחו,wered yeriho,35.43411,31.82555
הסוללים,hasolelim,35.23823,32.75087
זבארגה,zabarga,34.81886,32.1086
העוגן,haogen,34.92347,32.36209
הרצליה,herzeliyya,34.84064,32.16385
הר אדר,har adar,35.13096,31.82475
הזורע,hazorea,35.12021,32.64344
הילה,hilla,35.24418,33.03599
הראל,har'el,35.14995,31.80326
היוגב,hayogev,35.20626,32.61187
הודיה,hodiyya,34.64155,31.67542
הודיות,hodayot,35.43566,32.7887
חזון,hazon,35.39546,32.90554
חברון,,35.08619,31.53448
חגור,hagor,34.94791,32.13727
חולתה,hulata,35.61022,33.05263
זרחיה,zerahya,34.7456,31.68131
"חצרות כ""ח",hazrot koah,34.93625,32.03109
חד נס,had nes,35.64118,32.92815
חנתון,hannaton,35.24531,32.78218
חגי,haggai,34.81412,31.9513
חולית,holit,34.32613,31.23105
חולדה,hulda,34.88569,31.82813
ח'ואלד,khawaled,35.15653,32.75378
חלץ,helez,34.65846,31.57668
חגלה,hogla,34.92592,32.38688
חוג'ייראת ד'הרה,hujeirat (dahra),35.18481,32.7967
חוסן,hosen,35.29509,33.00454
חבצלת השרון,havazzelet hasharon,34.86563,32.36157
חדיד,hadid,34.93281,31.96902
חוסנייה,hussniyya,35.31986,32.90093
חוקוק,huqoq,35.53723,32.86361
חורה,hura,34.93401,31.29853
חולון,holon,34.78247,32.01121
חדרה,hadera,34.91744,32.43983
ח'ואלד,,35.15653,32.75378
חצבה,hazeva,35.25149,30.79765
חצר בארותיים,hazar be'erotayim,34.98462,32.32078
חצור הגלילית,hazor hagelilit,35.55207,32.98565
חרוצים,haruzim,34.80484,32.09071
חרמש,hermesh,35.11959,32.42394
חריש,harish,35.03885,32.47086
חמרה,hamra,35.43701,32.19955
חצור,hazor ashdod,34.72189,31.77236
חרב לאת,herev le'et,34.92086,32.40039
חמד,hemed,34.84152,32.01972
חמדיה,hamadya,35.52119,32.51878
חלמיש,hallamish,34.95846,32.09973
חספין,haspin,35.79144,32.84497
חניאל,hanni'el,34.94812,32.33338
חמאם,hamam,35.48953,32.82957
חלוץ,haluz,34.56636,31.67925
חניתה,hanita,35.01279,32.79172
חצרות חולדה,hazrot hulda,34.88569,31.82813
חופית,hofit,34.87024,32.38444
חיפה,haifa,35.00326,32.80123
טבריה,tiberias,35.52639,32.80236
טנא,tene,34.95726,31.37506
טייבה,tayibe,35.00473,32.26146
חרשים,harashim,35.32905,32.95472
יבנה,yavne,34.74389,31.862
טורעאן,tur'an,35.37548,32.77723
יד השמונה,yad hashemona,35.0896,31.80975
טירת כרמל,tirat karmel,34.96707,32.76711
טמרה יזרעאל,tamra (yizre'el),35.32107,32.55994
יבול,yevul,34.317,31.18891
טירת יהודה,tirat yehuda,34.93748,32.01648
יגל,yagel,34.87904,31.98922
טפחות,tefahot,35.42157,32.86891
חשמונאים,hashmona'im,34.93109,30.98677
יד חנה,yad hanna,35.00138,32.32617
טירת צבי,tirat zevi,35.52745,32.42257
טמרה,tamra,35.18152,32.85598
טובא זנגריה,tuba zangariyye,35.59814,32.96715
יגור,yagur,34.79659,32.05853
יבנאל,yavne'el,35.50102,32.70275
טירה,tire,34.96207,32.22932
טייבה,tayibe(baemeq),35.44362,32.60368
יובלים,yuvalim,35.27022,32.87866
"יד רמב""ם",yad rambam,34.89995,31.90705
טלמון,talmon,35.13649,31.93759
ידידה,yedida,35.10577,31.81224
יאנוח ג'ת,yanuh jat,35.24439,32.98034
יד מרדכי,yad mordekhay,34.56349,31.58855
יובל,yuval,35.59797,33.2451
טל אל,tal el,35.17872,32.92873
טללים,telalim,34.77176,30.99234
יד נתן,yad natan,34.70582,31.65453
טל שחר,tal shahar,34.89825,31.80527
יד בנימין,yad binyamin,34.82242,31.79768
יפתח,yiftah,35.55099,33.12725
יסעור,yas'ur,35.16649,32.90047
יטבתה,yotvata,35.06438,29.89423
ינוב,yanuv,34.95531,32.30495
"ייט""ב",yitav,35.33467,31.98527
יעד,ya'ad,35.242,32.87863
יושיביה,yoshivya,34.60891,31.44329
יודפת,yodefat,35.27362,32.83587
יונתן,yonatan,35.7939,32.93626
יהל,yahel,35.1291,30.08409
יהוד מונוסון,yehud monoson,34.89712,32.02912
ינון,yinnon,34.78176,31.74263
יתד,yated,34.3258,31.20622
יכיני,yakhini,34.6087,31.48507
יתיר,,35.10906,31.35547
יעף,ye'af,34.96528,32.26765
יסוד המעלה,yesud hama'ala,35.60953,33.05767
יסודות,yesodot,34.86074,31.81488
יחיעם,yehi'am,35.2214,32.99414
יזרעאל,yizre'el,35.32107,32.55994
ירחיב,yarhiv,34.96772,32.15163
יעל,ya'el,35.30827,32.55216
כאבול,kabul,35.20706,32.87194
ישע,yesha,34.40181,31.24873
יקיר,yaqir,35.11509,32.14945
יציץ,yaziz,34.8608,31.86281
יצהר,yizhar,35.23603,32.16836
ירוחם,yeroham,34.92965,30.98887
יערה,ya'ara,35.18627,33.06763
כדיתה,,35.46463,33.00665
כדורי,kadoorie,35.40705,32.7033
ירדנה,yardena,35.56441,32.56244
יקנעם,yoqne'am(moshava),35.11471,32.65671
יפעת,yif'at,35.22402,32.6786
כברי,kabri,35.14288,33.01666
יפיע,yafi,35.27555,32.68438
ישרש,yashresh,34.85041,31.91449
יראון,yir'on,35.20911,31.7815
יקנעם עילית,yoqne'am illit,35.10883,32.65782
יפית,yafit,34.77068,32.06974
ירכא,yirka,35.20228,32.95406
יקום,yaqum,34.83689,32.24815
ישעי,yish'i,34.96631,31.74887
ירושלים,jerusalem,35.21873,31.78003
כוכב השחר,kokhav hashahar,35.34819,31.96044
כאוכב אבו אל היג'א,kaokab abu al hija,35.24837,32.8305
ירקונה,yarqona,34.89511,32.14769
כיסופים,kissufim,34.40037,31.374390000000000
כלנית,kallanit,35.45838,32.87485
כוכב יאיר,kokhav ya'ir,34.99736,32.2244
כורזים,korazim,35.54837,32.90519
כחל,kahal,35.5095,32.89217
כליל,kelil,35.19984,32.98044
כישור,kishor,35.25134,32.94407
כמאנה,,35.34168,32.908500000000000
כפר גליקסון,kefar glikson,35.00872,32.50735
"כפר ביל""ו",kefar bilu,34.82739,31.87034
כפר ברוך,kefar barukh,35.19579,32.64458
כפר הנגיד,kefar hanagid,34.75006,31.88684
כפר אחים,kefar ahim,34.75626,31.74407
כפר חושן,kefar hoshen,34.94102,32.3116
כפר זיתים,kefar zetim,35.46146,32.80951
כפר דניאל,kefar daniyyel,34.93152,31.93299
כפר בן נון,kefar bin nun,34.94626,31.86229
כפר בלום,kefar blum,35.61431,33.17647
כפר ברא,kafar bara,34.97113,32.13108
כפר גלים,kefar gallim,34.95874,32.76659
כפר אביב,kefar aviv,34.72116,31.83076
"כפר הרי""ף",kefar harif,34.79137,31.74683
כפר אדומים,kefar adummim,35.33652,31.82707
כעביה טבאש חג'אג'רה,ka'abiyye tabbash ha,35.20366,32.74227
כחלה,,35.5095,32.89217
כסלון,kesalon,35.04951,31.77374
כנות,kannot,34.75926,31.800440000000000
כסרא סמיע,kisra sumei,35.30205,32.96477
כנרת קבוצה,kinneret(qevuza),35.57138,32.71127
כמון,kammon,35.35956,32.91023
כנרת מושבה,kinneret(moshava),35.56419,32.72186
כוכב יעקב,kokhav ya'aqov,35.24506,31.88091
כסיפה,kuseife,35.08095,31.24529
כנף,kanaf,34.87977,31.99886
כמהין,kemehin,34.43074,30.90964
כוכב מיכאל,kokhav mikha'el,34.67061,31.63156
כפר יעבץ,kefar ya'bez,34.96506,32.27483
כפר ויתקין,kefar vitkin,34.87484,32.38082
כפר ורדים,kefar weradim,35.2691,32.99627
כפר יאסיף,kafar yasif,35.16654,32.95172
כפר חיים,kefar hayyim,34.89932,32.3552
"כפר הרא""ה",kefar haro'e,34.91088,32.38971
כפר טרומן,kefar truman,34.92404,31.9789
כפר ורבורג,kefar warburg,34.72486,31.71994
כפר גלעדי,kefar gil'adi,35.57431,33.24506
כפר מצר,kafar misr,35.42164,32.64245
כפר ביאליק,kefar bialik,35.08689,32.8206
כפר אוריה,kefar uriyya,34.94758,31.79386
כפר כמא,kafar kama,35.43911,32.71947
כפר המכבי,kefar hamakkabi,35.11609,32.79079
כפר פינס,kefar pines,35.00162,32.48569
כפר ידידיה,yedidya,34.89959,32.34519
כפר האורנים,kefar haoranim,35.0355,31.9211
כפר מונש,kefar monash,34.91457,32.34389
כפר חסידים ב',kefar hasidim bet,35.08892,32.75309
כפר כנא,kafar kanna,35.34202,32.74698
כפר גדעון,kefar gid'on,35.29112,32.6436
כפר חסידים א',kefar hasidim alef,35.09875,32.74374
כפר החורש,kefar hahoresh,35.2703,32.70202
כפר יונה,kefar yona,34.92873,32.31664
כפר הס,kefar hess,34.93814,32.24898
כפר הנשיא,kefar hanasi,35.60355,32.97444
כפר הנוער הדתי,kefar hano'ar hadati,35.09468,32.74324
כפר מרדכי,kefar mordekhay,34.75715,31.83157
כפר חנניה,kefar hananya,35.42547,32.91283
כפר זוהרים,kefar zoharim,34.92588,31.62189
כפר מנחם,kefar menahem,34.83275,31.73093
כפר מימון,kefar maymon,34.54375,31.42528
כפר חיטים,kefar hittim,35.50062,32.79921
"כפר חב""ד",kefar habad,34.85281,31.9929
לבון,lavon,35.28715,32.9422
כרי דשא,kare deshe,35.53414,32.86272
"כרם מהר""ל",kerem maharal,34.99034,32.64449
כפר רות,kefar rut,35.03449,31.91048
כפר רופין,kefar ruppin,35.55786,32.45895
כפר סאלד,kefar szold,35.65778,33.19417
ראש הנקרה,kefar rosh haniqra,35.10492,33.09319
זרעית,kefar rozenwald(zar.,34.91713,32.18219
כפר עציון,kefar ezyon,35.11513,31.64788
כפר קיש,kefar kish,35.44934,32.66674
כפר עזה,kefar azza,34.53342,31.48197
כפר סירקין,kefar sirkin,34.92428,32.07655
כפר חרוב,kefar haruv,35.66339,32.76169
כפר יחזקאל,kefar yehezqel,35.36232,32.56771
כפר מנדא,kafar manda,35.26341,32.80897
כפר מסריק,kefar masaryk,35.09903,32.88998
כפר עבודה,kefar avoda,34.9408,32.25783
כפר סילבר,kefar silver,34.60937,31.67429
כפר נטר,kefar netter,34.87301,32.27253
כפר קרע,kafar qara,35.05054,32.50486
"כפר מל""ל",kefar malal,34.89382,32.16711
כפר סבא,kefar sava,34.92249,32.17173
כפר יהושע,kefar yehoshua,35.15296,32.68101
כפר קאסם,kafar qasem,34.96907,32.11625
לא רשום,,34.59332,31.42212
כרם בן שמן,kerem ben shemen,34.93847,31.95871
כרכום,karkom,35.60705,32.9305
כרמים,keramim,34.91678,31.33036
כרמל,karmel,34.9866,32.80333
כפר שמואל,kefar shemu'el,34.93485,31.88671
כרמי צור,karme zur,35.10224,31.60875
כרמי קטיף,karme qatif,34.91308,31.53466
כרם בן זמרה,kerem ben zimra,35.471,33.03688
כפר שמאי,kefar shammay,35.45717,32.95673
כרמיאל,karmi'el,35.29713,32.9238
כפר תבור,kefar tavor,35.41917,32.69018
כפר תפוח,kefar tappuah,35.24971,32.11939
כרמי יוסף,karme yosef,34.9176,31.84387
כרם יבנה ישיבה,kerem yavne(yeshiva),34.72205,31.81934
להבות הבשן,lahavot habashan,35.6451,33.13638
להב,lahav,34.86936,31.37894
לבנים,livnim,35.49725,32.86414
להבים,lehavim,34.79839,31.36994
לוטם,lotem,35.35803,32.87997
לביא,lavi,35.43958,32.78565
לוחמי הגיטאות,lohame hageta'ot,35.09507,32.96064
לוד,lod,34.87505,31.94513
כפר שמריהו,kefar shemaryahu,34.82092,32.19099
להבות חביבה,lahavot haviva,35.0067,32.39685
לוזית,luzit,34.88696,31.68616
כרם שלום,kerem shalom,34.28471,31.22782
כרמיה,karmiyya,34.54367,31.60392
מג'ד אל כרום,majd al kurum,35.25426,32.92088
מבוא ביתר,mevo betar,35.10324,31.72182
מבועים,mabbu'im,34.65317,31.44897
מודיעין עילית,modi'in illit,35.0458,31.93211
מבשרת ציון,mevasseret ziyyon,35.14728,31.80153
לקיה,laqye,34.87789,31.32899
מגדל,migdal,34.58775,31.66529
מאור,ma'or,35.00477,32.42139
לפיד,lappid,35.03378,31.91808
לימן,liman,35.11331,33.05973
לכיש,lakhish,34.84144,31.56406
לפידות,lappidot,35.26277,32.95879
לוטן,lotan,35.08775,29.9867
מודיעין,modi'in makkabbim re,35.00939,31.89862
מבוא דותן,mevo dotan,35.18081,32.42071
מזור,mazor,34.92513,32.05302
מוצא עילית,moza illit,35.15735,31.79375
מבוא חמה,mevo hamma,35.65637,32.73847
מגן,magen,34.43302,31.29409
מבואות ים,mevo'ot yam,34.87006,32.39982
מזכרת בתיה,mazkeret batya,34.85585,31.84177
מגן שאול,magen sha'ul,35.30836,32.52156
מגדל העמק,migdal haemeq,35.24043,32.66612
מגאר,mughar,35.41285,32.88688
מג'דל שמס,majdal shams,35.77354,33.26948
מבוא מודיעים,mevo modi'im,34.98804,31.93378
מבטחים,mivtahim,34.40493,31.24096
מולדת,moledet,35.44782,32.58308
מחנה יהודית,,35.21079,31.785800000000000
מדרך עוז,midrakh oz,35.1601,32.60248
מגשימים,magshimim,34.89915,32.04654
מבוא חורון,mevo horon,35.03894,31.84799
מאיר שפיה,me'ir shefeya,34.87391,32.10194
מזרעה,mazra'a,35.09738,32.98315
מגדלים,migdalim,35.34179,32.08964
מולדה,,34.97522,31.26204
מוקייבלה,muqeible,35.29708,32.51426
מגדים,megadim,34.96,32.73179
מטע,matta,35.061280000000000,31.71744
מבקיעים,mavqi'im,34.57779,31.62189
מגדל עוז,migdal oz,35.14062,31.63956
מגל,maggal,35.03505,32.38544
מחנה טלי,,35.21079,31.785800000000000
מגידו,megiddo,35.18641,32.5864
מחנה יפה,,34.76593,32.06366
מדרשת בן גוריון,midreshet ben gurion,34.7787,30.85052
מחנה יוכבד,,35.21079,31.785800000000000
מייסר,meiser,35.04268,32.44364
מחסיה,mahseya,35.01054,31.75032
מיצר,mezar,35.73543,32.76841
מחולה,mehola,35.51595,32.36519
מדרשת רופין,midreshet ruppin,34.91168,32.3424
מחניים,mahanayim,35.57074,32.99003
מזרע,mizra,35.29056,32.649
מורן,moran,35.39512,32.91962
מכמנים,mikhmannim,35.32813,32.90523
מנות,manot,35.19473,33.03927
מנשית זבדה,manshiyyet zabda,35.19284,32.70649
מעלה החמישה,ma'ale hahamisha,35.11678,31.81669
מעגלים,ma'galim,34.60016,31.39411
מעונה,me'ona,35.26238,33.01793
מעון,ma'on,34.76602,32.05581
מעלה עמוס,ma'ale amos,35.22949,31.59658
מסילות,mesillot,35.47784,32.49873
מסד,massad,35.42341,32.84349
מעלה אדומים,ma'ale adummim,35.30277,31.77378
מלכישוע,malkishua,35.41356,32.43821
מכורה,mekhora,35.42345,32.16202
מסלול,maslul,34.58956,31.31557
מסעודין אל עזאזמה,mas'udin al 'azazme,35.23565,31.77488
מעלה לבונה,ma'ale levona,35.2388,32.05318
מישר,meshar,34.75732,31.81972
מעגן,ma'agan,35.59698,32.70738
מכמורת,mikhmoret,34.86864,32.40684
מכחול,makchul,35.07313,31.28722
מנחמיה,menahemya,35.55513,32.66708
מחנה עדי,,35.21079,31.785800000000000
מירון,meron,35.44326,32.99141
מיטב,metav,35.30018,32.54508
מטולה,metula,35.5777,33.27803
מחנה יתיר,mahane yattir,35.21278,31.78465
מירב,merav,35.42198,32.45192
מי עמי,me ammi,34.64316,31.8106
מחנה תל נוף,,34.81885,31.82206
מחנה מרים,,35.21079,31.785800000000000
מורשת,moreshet,35.23583,32.83155
מחנה הילה,,34.92611,32.32483
מיתר,metar,34.94065,31.32547
מנוף,manof,35.24036,32.85258
מסדה,massada,34.99388,32.80948
מעלה מכמש,ma'ale mikhmas,35.30619,31.87738
מלילות,melilot,34.59592,31.38948
מסילת ציון,mesillat ziyyon,35.01113,31.80261
מסעדה,mas'ade,35.75946,33.23298
מעיין ברוך,ma'yan barukh,35.60895,33.23988
מנרה,mennara,34.8031,32.07592
מעיין צבי,ma'yan zevi,34.94102,32.56926
מלכיה,malkiyya,35.51128,33.09827
מנוחה,menuha,34.77596,31.65707
מעלה גמלא,ma'ale gamla,35.68534,32.88887
מעברות,ma'barot,34.90652,32.36442
מעוז חיים,ma'oz hayyim,35.55424,32.49278
מצפה,mizpa,34.8499,32.32496
מלאה,mele'a,35.23679,32.56372
מעלה גלבוע,ma'ale gilboa,35.41945,32.47737
מעלה עירון,ma'ale iron,35.15971,32.54102
מעגן מיכאל,ma'agan mikha'el,34.91832,32.56617
מעיליא,mi'elya,35.2609,33.025
מעלה אפרים,ma'ale efrayim,35.404560000000000,32.07031
מצפה רמון,mizpe ramon,34.80398,30.60928
מצר,mezer,35.04829,32.43977
מצפה אילן,,35.34256,32.23317
מרום גולן,merom golan,35.77346,33.13397
מקווה ישראל,miqwe yisra'el,35.21873,31.78003
מצפה נטופה,mizpe netofa,35.38325,32.80348
מרגליות,margaliyyot,34.78575,31.23743
"מצפה אבי""ב",mizpe aviv,35.19878,32.83979
מצפה שלם,mizpe shalem,35.40212,31.56715
מצליח,mazliah,34.8746,31.90551
מעלות תרשיחא,ma'alot tarshiha,35.26878,33.0095
מפלסים,mefallesim,34.56315,31.5008
מצפה יריחו,mizpe yeriho,35.39482,31.8159
מצובה,mazzuva,35.15818,33.06313
מצדות יהודה,mezadot yehuda,35.11259,31.36496
מעש,ma'as,34.89087,32.06429
מעלה שומרון,ma'ale shomeron,35.07106,32.16557
מענית,ma'anit,35.01955,32.46066
משמר איילון,mishmar ayyalon,34.94574,31.87243
משמר השרון,mishmar hasharon,34.90599,32.35743
משמר השבעה,mishmar hashiv'a,34.82217,32.009
משען,mash'en,34.62467,31.6574
משמרת,mishmeret,34.91768,32.23058
משהד,meshhed,35.32228,32.74093
מרחב עם,,34.82708,30.88843
משמר דוד,mishmar dawid,34.90155,31.822
משמרות,mishmarot,34.98229,32.4849
מרכז שפירא,merkaz shappira,34.70297,31.69531
משמר הירדן,mishmar hayarden,35.59815,33.00048
משמר הנגב,mishmar hanegev,34.71609,31.36624
קיבוץ מרחביה,merhavya(qibbuz),35.30597,32.60692
מושב מרחביה,merhavya(moshav),35.31805,32.60583
נגבה,negba,34.82382,32.06998
נאעורה,na'ura,35.39364,32.61619
מתת,mattat,35.35892,33.03923
מתתיהו,mattityahu,35.03175,31.92946
משגב עם,misgav am,34.80571,32.07479
נאות סמדר,shizzafon,35.02702,30.04961
משמר העמק,mishmar haemeq,35.13718,32.60988
משאבי שדה,mash'abbe sade,34.78898,31.00139
משגב דב,misgav dov,34.73959,31.81991
משואות יצחק,massuot yizhaq,35.10874,31.66059
משואה,massu'a,35.0081,31.89377
נגוהות,,34.983,31.49328
משכיות,maskiyyot,35.50257,32.31765
נווה שלום,newe shalom,34.97681,31.81719
נורית,nurit,35.35471,32.54264
נטעים,neta'im,34.77526,31.944960000000000
נחלים,nehalim,34.91318,32.0605
נוגה,nogah,34.58836,31.6785
ניצן ב',nizzan b,34.63859,31.73764
נורדיה,nordiyya,34.89767,32.31401
נוקדים,noqedim,35.24563,31.64556
נווה זיו,,35.18225,33.02656
נס ציונה,nes ziyyona,34.7929,31.92276
נווה איתן,newe etan,35.53136,32.49122
נווה אור,newe ur,35.55321,32.58766
נועם,no'am,34.87418,32.08087
ניר בנים,nir banim,34.75529,31.67155
"נווה אטי""ב",newe ativ,35.74416,33.26215
נווה אבות,newe avot,34.77174,31.80674
נווה,nave,35.01763,32.78907
נווה ימין,newe yamin,34.93944,32.17161
נווה דניאל,newe daniyyel,35.14343,31.67826
נווה ים,newe yam,34.78251,31.98499
נווה חריף,newe harif,35.03659,30.03806
נווה זוהר,newe zohar,35.365,31.15471
נהריה,nahariyya,35.09869,33.00545
נוב,nov,35.77907,32.83163
נווה אילן,newe ilan,35.07621,31.80778
נווה מבטח,newe mivtah,34.73956,31.80629
נווה מיכאל,newe mikha'el,35.0059,31.67334
נווה ירק,newe yaraq,34.92429,32.1327
נאות הכיכר,ne'ot hakikkar,35.37909,30.93184
נבטים,nevatim,34.88812,31.22028
נהלל,nahalal,35.20513,32.69703
נהורה,nehora,34.70902,31.62414
מתן,mattan,34.97295,32.15857
נאות גולן,ne'ot golan,35.69384,32.78608
נאות מרדכי,ne'ot mordekhay,35.59893,33.15982
נופית,nofit,35.14293,32.756
ניר עציון,nir ezyon,34.99424,32.69707
נחל עוז,nahal oz,34.49962,31.47237
נוף איילון,,34.98995,31.86983
נופים,nofim,35.10005,32.15313
ניצן,nizzan,34.63859,31.73764
ניר יצחק,nir yizhaq,34.35866,31.23705
ניר משה,nir moshe,34.63645,31.47888
נחושה,nehusha,34.95554,31.63036
ניצנים,nizzanim,34.61941,31.73549
ניצני עוז,nizzane oz,34.99973,32.31094
ניר עם,nir am,34.58148,31.5204
נופך,nofekh,34.92067,32.045
נמרוד,nimrod,35.75172,33.24532
נטור,natur,35.75408,32.85355
ניר צבי,nir zevi,34.85908,31.95231
נצר חזני,,34.86314,31.82147
נחשולים,nahsholim,34.91802,32.61198
ניצנה,nizzana (qehilat hin,34.42102,30.88543
נחשון,nahshon,34.95426,31.83269
ניר גלים,nir gallim,34.68411,31.82516
ניצני סיני,nizzane sinay,34.39832,30.90448
נס עמים,nes ammim,35.12128,32.9655
נטועה,netu'a,35.32249,33.06464
נירים,nirim,34.4029,31.33363
ניין,nein,35.34936,32.63021
ניר יפה,nir yafe,35.24435,32.56751
נעלה,na'ale,35.0635,31.96174
"נעמ""ה",naama,34.79093,32.05318
נס הרים,nes harim,35.06305,31.7444
ניר דוד,nir dawid (tel amal),35.45734,32.50311
ניר ישראל,nir yisra'el,34.64478,31.6924
נירן,niran,35.45845,31.96854
נטע,neta,34.92784,31.47753
נחלה,nahala,34.7943,31.66107
נירית,nirit,34.98578,32.14582
נעורים,ne'urim,34.85789,32.36593
ניר עקיבא,nir aqiva,34.64514,31.46986
נטף,nataf,35.06713,31.83459
ניר עוז,nir oz,34.40289,31.30936
נען,na'an,34.85948,31.88697
נחשונים,nahshonim,34.94667,32.06575
"ניר ח""ן",nir hen,34.71217,31.61015
נחף,nahef,35.3186,32.93558
נצאצרה,nasasra,34.74123,31.39724
ניר אליהו,nir eliyyahu,34.94735,32.19712
נצר סרני,nezer sereni,34.82533,31.92661
נחם,naham,35.00271,31.76643
נחליאל,nahali'el,35.14133,31.97419
"ניל""י",nili,34.8237,32.09374
נצרת,nazareth,35.29315,32.7001
נתניה,netanya,34.86891,32.32
סאג'ור,sajur,35.34211,32.93947
נתיב השיירה,netiv hashayyara,35.14315,32.99524
נתיב העשרה,netiv haasara,34.53982,31.57209
נתיב הגדוד,netiv hagedud,35.44556,31.98869
נשר,nesher,35.03138,32.76864
עדנים,adanim,34.90927,32.13938
סנסנה,,34.90311,31.36296
סעד,sa'ad,34.53447,31.47005
עזוז,ezuz,34.47219,30.79267
עזר,ezer,34.67071,31.73688
סגולה,segula,34.77633,31.66976
סער,sa'ar,34.77239,32.08441
סלעית,sal'it,35.05117,32.243
סופה,sufa,34.34179,31.23725
סואעד,sawa'id (kamane),35.16756,32.76716
סמר,samar,35.02357,29.83167
סולם,sulam,35.33159,32.60755
סאסא,sasa,35.39228,33.02496
סלמה,sallama,35.36135,32.89499
חמרייה,sawa'id(hamriyye),35.16756,32.76716
סח'נין,sakhnin,35.30071,32.86527
סייד,sayyid,34.91182,31.28601
סוסיה,suseya,35.11285,31.39308
סביון,savyon,34.87816,32.04639
"נתיב הל""ה",netiv halamed he,34.97872,31.68761
נצרת עילית,nazerat illit,35.3139,32.69994
נתיבות,netivot,34.57199,31.41122
עין זיוון,en ziwan,35.79574,33.09587
עדי,adi,35.17417,32.78296
עין איילה,en ayyala,34.94808,32.63135
עברון,evron,35.10039,32.98901
עין גב,en gev,35.63947,32.76794
עבדון,avdon,35.18232,33.04902
עזריקם,azriqam,34.69719,31.75334
עגור,agur,34.91252,31.69444
עין אל אסד,ein al asad,35.39959,32.93717
ע'ג'ר,ghajar,35.62326,33.27064
עזריה,azarya,34.91088,31.89082
עומר,omer,34.84092,31.26124
עוזה,uza,34.75757,31.59225
עוזייר,uzeir,35.32684,32.79014
עזריאל,azri'el,34.97071,32.26202
ספיר,sappir,35.1876,30.60926
עופרה,ofra,35.2599,31.9558
עילוט,ilut,35.25663,32.71933
סתריה,sitriyya,34.84616,31.88814
עין גדי,en gedi,35.39152,31.46144
עין הבשור,en habesor,34.50079,31.310200000000000
עידן,iddan,35.29931,30.80384
עין המפרץ,en hamifraz,35.09388,32.89973
עין השלושה,en hashelosha,34.40769,31.35107
עין דור,en dor,35.41746,32.65712
עיינות,ayanot,34.77,31.91565
עין חצבה,en hazeva,35.25149,30.79765
עולש,olesh,34.98452,32.33158
"עין הנצי""ב",en hanaziv,35.50195,32.46946
עיילבון,eilabun,35.40267,32.83545
עוצם,ozem,34.70446,31.63674
עופר,ofer,34.98156,32.62254
עין העמק,en haemeq,35.08524,32.62945
עטרת,ateret,34.99968,31.715980000000000
עין חרוד איחוד,en harod (ihud),35.38712,32.56491
עין החורש,en hahoresh,34.94038,32.38685
עין חוד,,34.99982,32.69156
עין יהב,en yahav,35.23804,30.65831
עין הוד,en hod,34.98255,32.70014
עין ורד,en wered,34.93169,32.26439
עין שמר,en shemer,35.00829,32.46272
עלי זהב,ale zahav,35.06407,32.07344
עמיעוז,ammi'oz,34.41197,31.24651
עמוקה,amuqqa,35.52494,32.99742
עמיעד,ammi'ad,35.53944,32.93004
עלמה,alma,34.76171,32.06057
עין השופט,en hashofet,35.10042,32.59557
עין כרמל,en karmel,34.95594,32.67699
עין חרוד,en harod(me'uhad),35.38801,32.55775
עין יעקב,en ya'aqov,35.2295,33.00819
"עין כרם בי""ס חקלאי",en karem b.s.haqla'i,35.16113,31.7639
עלי,eli,35.27726,32.07561
עמיקם,ammiqam,35.02135,32.56321
עין מאהל,ein mahel,35.35273,32.72318
עינת,enat,34.93369,32.07967
עלמון,almon,35.29329,31.82898
עכו,akko,35.08587,32.92343
עמינדב,amminadav,35.14189,31.75151
עין נקובא,ein naqquba,35.12253,31.79543
עמנואל,immanu'el,35.15328,32.17531
עין עירון,en iron,35.00883,32.48507
עין צורים,en zurim,34.71782,31.69545
עין ראפה,ein rafa,35.11674,31.79163
עמיר,amir,35.62403,33.17941
עין קנייא,ein qiniyye,35.72898,33.23311
עין שריד,en sarid,34.93512,32.27535
עראבה,arrabe,35.33891,32.85101
עין תמר,en tamar,35.37389,30.94409
עצמון שגב,atsmon segev,35.25274,32.86597
ערב אל נעים,arrab al naim,35.28961,32.88698
ערד,arad,35.21278,31.25636
ערערה בנגב,ar'ara banegev,35.02184,31.15415
עשרת,aseret,34.74607,31.82239
עתניאל,otni'el,35.02692,31.43794
עיר אובות,ir ovot,35.24664,30.80921
עראמשה,aramsha,35.22926,33.08937
ענב,enav,35.12677,32.28398
עלומים,alumim,34.51395,31.45241
עמקה,amqa,35.16265,32.97909
עפולה,afula,35.29493,32.6213
עספיא,isifya,35.0592,32.72789
פארן,paran,35.1535,30.36582
ערערה,ar'ara,35.09645,32.49922
עץ אפרים,ez efrayim,35.04621,32.11946
ערוגות,arugot,34.77182,31.73833
פדיה,pedaya,34.887010000000000,31.86123
פוריה עילית,poriyya illit,35.54655,32.73128
פוריידיס,fureidis,34.95268,32.59773
פדואל,pedu'el,35.05469,32.06373
עתלית,atlit,34.94068,32.6931
פוריה   כפר עבודה,poriyya kefar avoda,35.54492,32.72086
פוריה   נווה עובד,poriyya newe oved,35.53668,32.74384
פורת,porat,34.94954,32.27598
פטיש,pattish,34.55985,31.32654
פקיעין חדשה,peqi'in hadasha,35.32277,32.98351
פדויים,peduyim,34.61529,31.32119
פצאל,peza'el,35.44399,32.0446
פסוטה,fassuta,35.31494,33.04481
פתחיה,petahya,34.88729,31.86673
"פעמי תש""ז",pa'ame tashaz,34.69412,31.44605
פסגות,pesagot,35.22303,31.90094
צוחר,zohar,34.42377,31.23724
צופית,zofit,34.91648,32.19451
צבעון,ziv'on,35.41754,33.02593
פרי גן,peri gan,34.35729,31.22164
פרדסיה,pardesiyya,34.9022,32.30449
פרדס חנה כרכור,pardes hanna karkur,34.96918,32.476
פני חבר,pene hever,35.16657,31.4853
צובה,zova,35.1199,31.78407
פלמחים,palmahim,34.69804,31.92583
פלך,pelekh,35.23419,32.93357
פרזון,perazon,35.30864,32.54694
צופיה,zofiyya,35.15956,32.22128
צאלים,ze'elim,34.53564,31.20422
פקיעין,peqi'in (buqei'a),35.33382,32.97699
פתח תקווה,petah tiqwa,34.89161,32.10576
צופים,zufin,34.87793,32.0621
צוקים,mahane bildad,35.21079,31.785800000000000
פרוד,parod,35.43134,32.9334
צביה,zviyya,35.33106,32.88963
צופר,zofar,35.18083,30.55971
צוריאל,zuri'el,35.31116,33.00916
צור הדסה,zur hadassa,35.09666,31.71517
צוקי ים,shoshannat haamaqim(,34.8157,31.8755
צור נתן,zur natan,35.01198,32.24189
צור יצחק,zur yizhaq,34.99362,32.24016
צורית,zurit,35.25141,32.903
צור משה,zur moshe,34.91498,32.29771
צפריה,zafriyya,34.85559,32.00364
ציפורי,zippori,35.27385,32.74937
צלפון,zelafon,34.9319,31.80452
צנדלה,sandala,35.3242,32.52014
צפרירים,zafririm,34.98349,32.79694
קדימה צורן,qadima zoran,34.94412,32.28767
קבוצת יבנה,qevuzat yavne,34.72115,31.81507
קדמה,qedma,34.7757,31.70139
צפת,zefat,35.49152,32.9694
צרופה,zerufa,34.94756,32.64901
צרעה,zor'a,34.96851,31.76205
קדומים,qedumim,35.15885,32.21192
קדמת צבי,qidmat zevi,35.69777,33.02881
קודייראת א צאנ,qudeirat as sani,34.89775,31.95614
קורנית,qoranit,35.25287,32.84424
קוממיות,qomemiyyut,34.75945,32.00126
קדרים,qaddarim,35.03513,31.88726
קוואעין,qawa'in,35.17912,32.79475
קדרון,qidron,34.79614,31.81509
קצר א סר,,34.80216,31.27222
קריית ענבים,qiryat anavim,35.11778,31.81133
קצרין,qazrin,35.70861,32.9876
קלנסווה,qalansawe,34.97943,32.28946
קדר,qedar,35.31133,31.75451
קלע,qela,35.68791,33.13253
קריית אונו,qiryat ono,34.85839,32.05854
קליה,qalya,35.46696,31.75065
קטורה,qetura,35.06142,29.96815
קרית יערים,qiryat ye'arim(insti,35.10205,31.80861
קיסריה,qesariyya,34.90546,32.51613
קריית ים,qiryat yam,35.0725,32.84937
קריית עקרון,qiryat eqron,34.82896,31.8651
קלחים,qelahim,34.67807,31.44665
קרית שלמה,qiryat shelomo,34.85879,32.05392
קציר,qazir,35.10338,32.48887
קרית שמונה,qiryat shemona,35.56851,33.1953
קריית גת,qiryat gat,34.77475,31.60521
קרית נטפים,qiryat netafim,35.11504,32.11667
קריית ביאליק,qiryat bialik,35.09253,32.84159
קרית ארבע,qiryat arba,35.12358,31.52758
קריית מלאכי,qiryat mal'akhi,34.74975,31.7371
קרית טבעון,qiryat tiv'on,35.11582,32.70695
קריית מוצקין,qiryat motzkin,35.08092,32.8457
קריית אתא,qiryat atta,35.07546,32.80872
ראס עלי,ras ali,35.15299,32.77067
ראמה,rame,35.36698,32.93853
ראס אל עין,,35.37308,32.91433
ראש צורים,rosh zurim,35.12418,31.6675
ראש העין,rosh haayin,34.93747,32.09496
קרני שומרון,qarne shomeron,35.10349,32.17937
קשת,qeshet,35.81025,32.97764
רגבה,regba,35.09402,32.97823
ראש פינה,rosh pinna,35.54938,32.96891
רחלים,rehelim,35.25551,32.10208
רחובות,rehovot,34.79437,31.97691
רבדים,revadim,34.81657,31.77326
רוחמה,ruhama,34.70891,31.49797
רהט,rahat,34.75737,31.39196
רגבים,regavim,35.03304,32.52329
רחוב,rehov,35.48914,32.45287
רומת הייב,rumat heib,35.30335,32.77888
רוח מדבר,ruah midbar,34.75917,31.01449
רבבה,revava,35.12873,32.11963
רווחה,rewaha,34.73035,31.64519
רועי,ro'i,35.49043,32.24675
רוויה,rewaya,35.47478,32.44862
רביבים,revivim,34.71786,31.03938
רמות מאיר,ramot me'ir,34.85239,31.87336
רם און,ram on,35.25845,32.52832
רביד,ravid,35.46418,32.85063
רכסים,rekhasim,35.10104,32.75152
רומאנה,rummane,35.3101,32.78784
רותם,rotem,35.5191,32.33622
ריחן,rehan,35.13438,32.46943
ראשון לציון,rishon leziyyon,34.79437,31.97691
ריחאניה,reihaniyye,35.48518,33.04803
רינתיה,rinnatya,34.92807,32.04438
ריינה,reine,35.3149,32.71763
רימונים,rimmonim,34.81507,32.07934
רמות מנשה,ramot menashe,35.05818,32.59754
רמות השבים,ramot hashavim,34.88658,32.16523
רמת יוחנן,ramat yohanan,35.123,32.79243
רמות,ramot,34.81426,31.27385
רמת גן,ramat gan,34.81507,32.07934
רמת ישי,ramat yishay,35.17251,32.7067
רשפון,rishpon,34.82118,32.20339
רמת מגשימים,ramat magshimim,35.80743,32.8434
רמות נפתלי,ramot naftali,35.55201,33.10127
שאר ישוב,she'ar yashuv,35.64559,33.22808
רמלה,ramla,34.87118,31.92683
רמת דוד,ramat dawid,35.20315,32.67869
רמת הכובש,ramat hakovesh,34.93924,32.22092
רמת השרון,ramat hasharon,34.83584,32.13946
רשפים,reshafim,35.47823,32.48347
שבי שומרון,shave shomeron,35.18311,32.26154
רמת צבי,ramat zevi,35.41384,32.59107
שבלי   אום אל גנם,shibli,35.39226,32.67456
רנן,rannen,34.60256,31.33775
רמת רזיאל,ramat razi'el,34.59321,31.66576
שגב שלום,segev shalom,34.84119,31.20155
רמת רחל,ramat rahel,35.21838,31.73795
שבי ציון,shave ziyyon,35.08494,32.98216
רתמים,retamim,34.6899,31.05346
רעים,re'im,34.76979,32.01392
רעננה,ra'anana,34.84597,32.1904
שדה בוקר,sede boqer,34.79319,30.8717
שדה יואב,sede yo'av,34.68526,31.64455
שדה אליעזר,sede eli'ezer,35.56765,33.04508
רקפת,raqefet,35.26326,32.85655
שדה אילן,sede ilan,35.42365,32.74581
שדי תרומות,sede terumot,35.48585,32.43929
שדה עוזיהו,sede uzziyyahu,34.67636,31.75761
שחר,shahar,34.72403,31.61699
שדה ורבורג,sede warburg,34.90363,32.20679
שדות מיכה,sedot mikha,34.92305,31.72156
שורשים,shorashim,35.25722,32.89204
שדמה,shedema,34.74042,31.8311
שדה דוד,sede dawid,34.68423,31.57626
שדה יעקב,sede ya'aqov,35.1399,32.69797
שדי חמד,sede hemed,34.94662,32.15579
שדה אליהו,sede eliyyahu,35.51457,32.4393
שיטים,nahal shittim,35.01617,30.175910000000000
שזור,shezor,35.3516,32.93374
שלוחות,sheluhot,35.48104,32.47154
שלומי,shelomi,35.14523,33.07775
שייח' דנון,sheikh dannun,35.1456,32.99284
שילת,shilat,35.02279,31.9151
שילה,shilo,35.29121,32.05216
שיבולים,shibbolim,34.60756,31.39601
שחרות,shaharut,35.00163,29.90272
שורש,shoresh,35.0683,31.79329
שוהם,shoham,34.94552,31.9982
שדה ניצן,sede nizzan,34.41918,31.2298
שוקדה,shoqeda,34.52489,31.42334
שדה צבי,sede zevi,34.71205,31.44981
שדה יצחק,sede yizhaq,34.99424,32.40234
שדרות,sederot,34.60658,31.52239
שומריה,shomeriyya,34.88589,31.43191
שומרה,shomera,35.28704,33.08694
שושנת העמקים,shoshannat haamaqim,34.8157,31.8755
שואבה,sho'eva,35.07576,31.79727
שדות ים,sedot yam,34.89264,32.49413
שכניה,shekhanya,35.24701,32.84806
שדה נחמיה,sede nehemya,35.62396,33.1871
שדמות דבורה,shadmot devora,35.43653,32.69339
שדי אברהם,sede avraham,34.33545,31.212
שדה משה,sede moshe,34.80197,31.6114
שדמות מחולה,shadmot mehola,35.53347,32.34577
שובל,shoval,34.74753,31.41184
שובה,shuva,34.54432,31.44912
שדה נחום,sede nahum,34.77948,31.96473
שני,shani,35.2181,31.78122
שעב,sha'ab,35.24225,32.89044
שמעה,shim'a,35.01261,31.3876
שמיר,shamir,35.66034,33.1648
שעלבים,sha'alvim,34.98582,31.86969
שלווה במדבר,shalva bamidbar,34.76712,31.56408
שמרת,shamerat,35.0958,32.95085
שער אפרים,sha'ar efrayim,34.99746,32.29096
שעורים,se'orim,35.01384,32.52136
שלומית,,34.79013,32.01223
שעל,sha'al,35.71912,33.11443
שלווה,shalwa,34.76663,31.56054
שער הגולן,sha'ar hagolan,35.60419,32.68529
שפיים,shefayim,34.82866,32.22079
שער העמקים,sha'ar haamaqim,35.1124,32.72158
שניר,senir,35.67762,33.24039
שמשית,,35.24611,32.73285
שערי תקווה,sha'are tiqwa,35.02651,32.12281
שפיר,shafir,34.73126,31.69541
שפר,shefer,35.43667,32.94526
שער מנשה,sha'ar menashe,35.01244,32.44948
שקד,shaqed,35.17262,32.47367
תובל,tuval,35.24491,32.92985
שקף,sheqef,34.93682,31.51409
שפרעם,shefar'am,35.17228,32.80553
שתולים,shetulim,34.67803,31.77769
שרונה,sharona,34.78679,32.07065
תאשור,te'ashur,34.87498,32.29861
שריד,sarid,35.22667,32.66421
שתולה,shetula,35.31531,33.08583
תושיה,tushiyya,34.7897,32.06641
שריגים לי און,li on,34.93502,31.67652
שרשרת,sharsheret,34.60211,31.40166
תדהר,tidhar,34.63001,31.37847
תירוש,tirosh,34.88659,31.75128
תימורים,timmorim,34.76017,31.71584
תומר,tomer,35.44204,32.0173
תל אביב,tel aviv   yafo,34.78953,32.08556
תל יוסף,tel yosef,35.40001,32.55621
תל מונד,tel mond,34.91524,32.2521
תל עדשים,tel adashim,35.3011,32.65725
תל יצחק,tel yizhaq,34.87048,32.25202
תלם,telem,35.03152,31.56476
תל קציר,tel qazir,35.61632,32.70649
תלמי יחיאל,talme yehi'el,34.76358,31.75135
תלמי יוסף,talme yosef,34.36093,31.199
תל שבע,tel sheva,34.86047,31.24799
תלמי אליהו,talme eliyyahu,34.42886,31.23031
תלמים,telamim,34.67296,31.56449
תל תאומים,tel te'omim,35.49313,32.44099
"תלמי ביל""ו",talme bilu,34.64375,31.43698
תלמי אלעזר,talme el'azar,34.97347,32.44482
תראבין א צאנע,tarabin as sani,34.73757,31.34564
תעוז,ta'oz,34.97457,31.80136
תמרת,timrat,35.22671,32.7036
תנובות,tenuvot,34.96268,32.30686
תראבין א צאנע ישוב,,34.73757,31.34564
תפרח,tifrah,34.67525,31.32557
תקוע,teqoa,35.23077,31.65255
תקומה,tequma,34.57491,31.44382
תלמי יפה,talme yafe,34.61247,31.61666
תרום,tarum,34.981,31.78319
רמת השופט,ramat hashofet,35.0948,32.61113